{"valueType":"nodes","values":[{"_typeName":"CourseInterest","id":"cjutt5x5u6fw10b22w53qd0d9","createdAt":"2019-04-23T13:11:32.130Z","updatedAt":"2019-04-23T13:11:32.130Z"},{"_typeName":"Course","id":"cjutt5vyd6fvg0b22yzma9r1p","updatedAt":"2019-04-23T13:11:30.564Z","state":"PUBLISHED","description":"<p>asdasd</p>","price":12,"thumbnail":"https://res.cloudinary.com/deky2cxlm/image/upload/v1556025075/thumbnail/lmniiiqjsfeqzwoxqhet.png","createdAt":"2019-04-23T13:11:30.564Z","title":"JavaScript For Beginners"},{"_typeName":"Category","id":"cjutt449s6f740b228zro4rsw","name":"Web Development","createdAt":"2019-04-23T13:10:08.032Z","updatedAt":"2019-04-23T13:10:08.032Z"},{"_typeName":"User","id":"cjutt1fwcg0w20b95knmnrb1l","name":"Hugo Cardoso","updatedAt":"2019-04-23T13:11:00.032Z","email":"ola@ola.com","createdAt":"2019-04-23T13:08:03.132Z","password":"$2a$10$YZ4jCwj3eTEwZCtIZCFwT.W7HMGA570LWkBSCihcGlLPfEW8PyHni"},{"_typeName":"Interest","id":"cjutt2mkw6eom0b22svjutx1d","name":"JavaScript","updatedAt":"2019-04-23T13:08:58.448Z","thumbnail":"https://upload.wikimedia.org/wikipedia/commons/thumb/9/99/Unofficial_JavaScript_logo_2.svg/200px-Unofficial_JavaScript_logo_2.svg.png","createdAt":"2019-04-23T13:08:58.448Z"}]}