{"valueType":"relations","values":[[{"_typeName":"User","id":"cjutt1fwcg0w20b95knmnrb1l"},{"_typeName":"Course","id":"cjutt5vyd6fvg0b22yzma9r1p","fieldName":"user"}],[{"_typeName":"CourseInterest","id":"cjutt5x5u6fw10b22w53qd0d9","fieldName":"course"},{"_typeName":"Course","id":"cjutt5vyd6fvg0b22yzma9r1p","fieldName":"interest"}],[{"_typeName":"Interest","id":"cjutt5x5u6fw10b22w53qd0d9"},{"_typeName":"CourseInterest","id":"cjutt5vyd6fvg0b22yzma9r1p","fieldName":"interest"}],[{"_typeName":"Course","id":"cjutt1fwcg0w20b95knmnrb1l","fieldName":"category"},{"_typeName":"Category","id":"cjutt5vyd6fvg0b22yzma9r1p"}]]}