{"valueType":"relations","values":[[{"_typeName":"User","id":"cjv3zsohtq7nn0b95q3iv1nc4"},{"_typeName":"Course","id":"cjv3zu1zj4ewf0b22ca51eeab","fieldName":"user"}],[{"_typeName":"User","id":"cjv3zsohtq7nn0b95q3iv1nc4"},{"_typeName":"Course","id":"cjv40934p4kfz0b22d2mije1p","fieldName":"user"}],[{"_typeName":"User","id":"cjv3zsohtq7nn0b95q3iv1nc4"},{"_typeName":"Course","id":"cjv6r5z0wyfkq0b22vantn1yt","fieldName":"user"}],[{"_typeName":"User","id":"cjv3zsohtq7nn0b95q3iv1nc4"},{"_typeName":"Course","id":"cjv6r7rwgo7ly0b95n3ej7mg5","fieldName":"user"}],[{"_typeName":"User","id":"cjv3zsohtq7nn0b95q3iv1nc4"},{"_typeName":"Course","id":"cjv85v0e53ne30b9570stm3lq","fieldName":"user"}],[{"_typeName":"User","id":"cjv3zsohtq7nn0b95q3iv1nc4"},{"_typeName":"Course","id":"cjv862ggc3qmo0b95q91ldx7t","fieldName":"user"}],[{"_typeName":"CourseInterest","id":"cjv6o3gb4n4zx0b9503bfxn7m","fieldName":"course"},{"_typeName":"Course","id":"cjv3zu1zj4ewf0b22ca51eeab","fieldName":"interest"}],[{"_typeName":"CourseInterest","id":"cjv86ysv7cqda0b22wrh1uxx6","fieldName":"course"},{"_typeName":"Course","id":"cjv3zu1zj4ewf0b22ca51eeab","fieldName":"interest"}],[{"_typeName":"CourseInterest","id":"cjv88hd2f4pmc0b9574w20hgr","fieldName":"course"},{"_typeName":"Course","id":"cjv3zu1zj4ewf0b22ca51eeab","fieldName":"interest"}],[{"_typeName":"CourseInterest","id":"cjv88jzqr4qgp0b9563t392jx","fieldName":"course"},{"_typeName":"Course","id":"cjv3zu1zj4ewf0b22ca51eeab","fieldName":"interest"}],[{"_typeName":"Interest","id":"cjv6o3gb4n4zx0b9503bfxn7m"},{"_typeName":"CourseInterest","id":"cjv3zu1zj4ewf0b22ca51eeab","fieldName":"interest"}],[{"_typeName":"Interest","id":"cjv86ysv7cqda0b22wrh1uxx6"},{"_typeName":"CourseInterest","id":"cjv3zu1zj4ewf0b22ca51eeab","fieldName":"interest"}],[{"_typeName":"Interest","id":"cjv88hd2f4pmc0b9574w20hgr"},{"_typeName":"CourseInterest","id":"cjv3zu1zj4ewf0b22ca51eeab","fieldName":"interest"}],[{"_typeName":"Interest","id":"cjv88jzqr4qgp0b9563t392jx"},{"_typeName":"CourseInterest","id":"cjv3zu1zj4ewf0b22ca51eeab","fieldName":"interest"}],[{"_typeName":"OrderItem","id":"cjvc50ewacxzh0b95s0elfa7j","fieldName":"category"},{"_typeName":"Category","id":"cjv3ztq3l4esl0b22quhpm72p"}],[{"_typeName":"OrderItem","id":"cjvcfidh8gsl00b95sdn9dyag","fieldName":"category"},{"_typeName":"Category","id":"cjv3ztq3l4esl0b22quhpm72p"}],[{"_typeName":"OrderItem","id":"cjvcfidhcgsl10b95xlc6fksr","fieldName":"category"},{"_typeName":"Category","id":"cjv3ztq3l4esl0b22quhpm72p"}],[{"_typeName":"OrderItem","id":"cjvcj3zfhm4n40b22vwu76i7n","fieldName":"category"},{"_typeName":"Category","id":"cjv3ztq3l4esl0b22quhpm72p"}],[{"_typeName":"CourseVideos","id":"cjv6up0o1pejz0b95h0jk06kg","fieldName":"course"},{"_typeName":"Course","id":"cjv40934p4kfz0b22d2mije1p","fieldName":"videos"}],[{"_typeName":"CourseVideos","id":"cjv7u50n88b6m0b22px1stbkv","fieldName":"course"},{"_typeName":"Course","id":"cjv40934p4kfz0b22d2mije1p","fieldName":"videos"}],[{"_typeName":"CourseVideos","id":"cjv839lmb2t730b95sr3f8lsc","fieldName":"course"},{"_typeName":"Course","id":"cjv40934p4kfz0b22d2mije1p","fieldName":"videos"}],[{"_typeName":"CourseVideos","id":"cjv85qadj3le30b9533nf2krb","fieldName":"course"},{"_typeName":"Course","id":"cjv40934p4kfz0b22d2mije1p","fieldName":"videos"}],[{"_typeName":"CourseVideos","id":"cjv85rggx3lue0b95igchcz4x","fieldName":"course"},{"_typeName":"Course","id":"cjv40934p4kfz0b22d2mije1p","fieldName":"videos"}],[{"_typeName":"CourseVideos","id":"cjv85rolec7q80b22gjcg4fs2","fieldName":"course"},{"_typeName":"Course","id":"cjv40934p4kfz0b22d2mije1p","fieldName":"videos"}],[{"_typeName":"CourseVideos","id":"cjv85rx2bc7ud0b22czy22ztx","fieldName":"course"},{"_typeName":"Course","id":"cjv40934p4kfz0b22d2mije1p","fieldName":"videos"}],[{"_typeName":"User","id":"cjvc50ewacxzh0b95s0elfa7j"},{"_typeName":"OrderItem","id":"cjv3ztq3l4esl0b22quhpm72p","fieldName":"user"}],[{"_typeName":"User","id":"cjvcfidh8gsl00b95sdn9dyag"},{"_typeName":"OrderItem","id":"cjv3ztq3l4esl0b22quhpm72p","fieldName":"user"}],[{"_typeName":"User","id":"cjvcfidhcgsl10b95xlc6fksr"},{"_typeName":"OrderItem","id":"cjv3ztq3l4esl0b22quhpm72p","fieldName":"user"}],[{"_typeName":"User","id":"cjvcj3zfhm4n40b22vwu76i7n"},{"_typeName":"OrderItem","id":"cjv3ztq3l4esl0b22quhpm72p","fieldName":"user"}],[{"_typeName":"Video","id":"cjv6up0o1pejz0b95h0jk06kg"},{"_typeName":"CourseVideos","id":"cjv40934p4kfz0b22d2mije1p","fieldName":"video"}],[{"_typeName":"Video","id":"cjv7u50n88b6m0b22px1stbkv"},{"_typeName":"CourseVideos","id":"cjv40934p4kfz0b22d2mije1p","fieldName":"video"}],[{"_typeName":"Video","id":"cjv839lmb2t730b95sr3f8lsc"},{"_typeName":"CourseVideos","id":"cjv40934p4kfz0b22d2mije1p","fieldName":"video"}],[{"_typeName":"Video","id":"cjv85qadj3le30b9533nf2krb"},{"_typeName":"CourseVideos","id":"cjv40934p4kfz0b22d2mije1p","fieldName":"video"}],[{"_typeName":"Video","id":"cjv85rggx3lue0b95igchcz4x"},{"_typeName":"CourseVideos","id":"cjv40934p4kfz0b22d2mije1p","fieldName":"video"}],[{"_typeName":"Video","id":"cjv85rolec7q80b22gjcg4fs2"},{"_typeName":"CourseVideos","id":"cjv40934p4kfz0b22d2mije1p","fieldName":"video"}],[{"_typeName":"Video","id":"cjv85rx2bc7ud0b22czy22ztx"},{"_typeName":"CourseVideos","id":"cjv40934p4kfz0b22d2mije1p","fieldName":"video"}],[{"_typeName":"RateCourse","id":"cjv51u2abgemp0b22apydpf7g","fieldName":"course"},{"_typeName":"Course","id":"cjv3zu1zj4ewf0b22ca51eeab","fieldName":"rate"}],[{"_typeName":"User","id":"cjv51u2abgemp0b22apydpf7g"},{"_typeName":"RateCourse","id":"cjv3zu1zj4ewf0b22ca51eeab","fieldName":"user"}],[{"_typeName":"UserCourse","id":"cjv51tkpogehe0b227veifauj","fieldName":"course"},{"_typeName":"Course","id":"cjv3zu1zj4ewf0b22ca51eeab"}],[{"_typeName":"UserCourse","id":"cjvc50f2bcxzu0b954x956myw","fieldName":"course"},{"_typeName":"Course","id":"cjv40934p4kfz0b22d2mije1p"}],[{"_typeName":"UserCourse","id":"cjvcfidnigslh0b95tvgo4anb","fieldName":"course"},{"_typeName":"Course","id":"cjv6r5z0wyfkq0b22vantn1yt"}],[{"_typeName":"UserCourse","id":"cjvcj3zl9ibtr0b95l309pivo","fieldName":"course"},{"_typeName":"Course","id":"cjv6r7rwgo7ly0b95n3ej7mg5"}],[{"_typeName":"UserCourse","id":"cjvcfidnigslg0b95tsd35azo","fieldName":"course"},{"_typeName":"Course","id":"cjv85v0e53ne30b9570stm3lq"}],[{"_typeName":"Wishlist","id":"cjv89r84d548e0b95ng4mgy33","fieldName":"course"},{"_typeName":"Course","id":"cjv3zu1zj4ewf0b22ca51eeab"}],[{"_typeName":"Wishlist","id":"cjvc9rjejilha0b22lwm7wj0q","fieldName":"course"},{"_typeName":"Course","id":"cjv6r7rwgo7ly0b95n3ej7mg5"}],[{"_typeName":"Wishlist","id":"cjvc9rm2oeiyt0b95iw9q5tlz","fieldName":"course"},{"_typeName":"Course","id":"cjv85v0e53ne30b9570stm3lq"}],[{"_typeName":"Wishlist","id":"cjv89r84d548e0b95ng4mgy33","fieldName":"user"},{"_typeName":"User","id":"cjv3zu1zj4ewf0b22ca51eeab","fieldName":"wishlist"}],[{"_typeName":"Wishlist","id":"cjvc9rjejilha0b22lwm7wj0q","fieldName":"user"},{"_typeName":"User","id":"cjv6r7rwgo7ly0b95n3ej7mg5","fieldName":"wishlist"}],[{"_typeName":"Wishlist","id":"cjvc9rm2oeiyt0b95iw9q5tlz","fieldName":"user"},{"_typeName":"User","id":"cjv85v0e53ne30b9570stm3lq","fieldName":"wishlist"}],[{"_typeName":"User","id":"cjv3zsohtq7nn0b95q3iv1nc4"},{"_typeName":"Order","id":"cjvc50ew7cxzg0b95k26ffbrf","fieldName":"user"}],[{"_typeName":"User","id":"cjv3zsohtq7nn0b95q3iv1nc4"},{"_typeName":"Order","id":"cjvcfidh4gskz0b95s4ppmj9r","fieldName":"user"}],[{"_typeName":"User","id":"cjv3zsohtq7nn0b95q3iv1nc4"},{"_typeName":"Order","id":"cjvcj3zfcm4n30b222wnk6vcx","fieldName":"user"}],[{"_typeName":"Course","id":"cjv3zsohtq7nn0b95q3iv1nc4","fieldName":"category"},{"_typeName":"Category","id":"cjv3zu1zj4ewf0b22ca51eeab"}],[{"_typeName":"Course","id":"cjv3zsohtq7nn0b95q3iv1nc4","fieldName":"category"},{"_typeName":"Category","id":"cjv40934p4kfz0b22d2mije1p"}],[{"_typeName":"Course","id":"cjv3zsohtq7nn0b95q3iv1nc4","fieldName":"category"},{"_typeName":"Category","id":"cjv6r5z0wyfkq0b22vantn1yt"}],[{"_typeName":"Course","id":"cjv3zsohtq7nn0b95q3iv1nc4","fieldName":"category"},{"_typeName":"Category","id":"cjv6r7rwgo7ly0b95n3ej7mg5"}],[{"_typeName":"Course","id":"cjv3zsohtq7nn0b95q3iv1nc4","fieldName":"category"},{"_typeName":"Category","id":"cjv85v0e53ne30b9570stm3lq"}],[{"_typeName":"Course","id":"cjv3zsohtq7nn0b95q3iv1nc4","fieldName":"category"},{"_typeName":"Category","id":"cjv862ggc3qmo0b95q91ldx7t"}],[{"_typeName":"OrderItem","id":"cjvc50ewacxzh0b95s0elfa7j"},{"_typeName":"Order","id":"cjvc50ew7cxzg0b95k26ffbrf","fieldName":"items"}],[{"_typeName":"OrderItem","id":"cjvcfidh8gsl00b95sdn9dyag"},{"_typeName":"Order","id":"cjvcfidh4gskz0b95s4ppmj9r","fieldName":"items"}],[{"_typeName":"OrderItem","id":"cjvcfidhcgsl10b95xlc6fksr"},{"_typeName":"Order","id":"cjvcfidh4gskz0b95s4ppmj9r","fieldName":"items"}],[{"_typeName":"OrderItem","id":"cjvcj3zfhm4n40b22vwu76i7n"},{"_typeName":"Order","id":"cjvcj3zfcm4n30b222wnk6vcx","fieldName":"items"}],[{"_typeName":"UserCourse","id":"cjv51tkpogehe0b227veifauj","fieldName":"user"},{"_typeName":"User","id":"cjv3zu1zj4ewf0b22ca51eeab","fieldName":"courses"}],[{"_typeName":"UserCourse","id":"cjvc50f2bcxzu0b954x956myw","fieldName":"user"},{"_typeName":"User","id":"cjv40934p4kfz0b22d2mije1p","fieldName":"courses"}],[{"_typeName":"UserCourse","id":"cjvcfidnigslh0b95tvgo4anb","fieldName":"user"},{"_typeName":"User","id":"cjv6r5z0wyfkq0b22vantn1yt","fieldName":"courses"}],[{"_typeName":"UserCourse","id":"cjvcj3zl9ibtr0b95l309pivo","fieldName":"user"},{"_typeName":"User","id":"cjv6r7rwgo7ly0b95n3ej7mg5","fieldName":"courses"}],[{"_typeName":"UserCourse","id":"cjvcfidnigslg0b95tsd35azo","fieldName":"user"},{"_typeName":"User","id":"cjv85v0e53ne30b9570stm3lq","fieldName":"courses"}],[{"_typeName":"Video","id":"cjv6up0fdzirj0b22e95fuh9h","fieldName":"user"},{"_typeName":"User","id":"cjv3zsohtq7nn0b95q3iv1nc4"}],[{"_typeName":"Video","id":"cjv7u50h08b6e0b22xlu17ys8","fieldName":"user"},{"_typeName":"User","id":"cjv3zsohtq7nn0b95q3iv1nc4"}],[{"_typeName":"Video","id":"cjv839lgbbjke0b22efoafj23","fieldName":"user"},{"_typeName":"User","id":"cjv3zsohtq7nn0b95q3iv1nc4"}],[{"_typeName":"Video","id":"cjv85qa2v3ldv0b95xwmlfot8","fieldName":"user"},{"_typeName":"User","id":"cjv3zsohtq7nn0b95q3iv1nc4"}],[{"_typeName":"Video","id":"cjv85rgb23lu50b95ynojj29c","fieldName":"user"},{"_typeName":"User","id":"cjv3zsohtq7nn0b95q3iv1nc4"}],[{"_typeName":"Video","id":"cjv85rof73lxg0b95y1jrvpyo","fieldName":"user"},{"_typeName":"User","id":"cjv3zsohtq7nn0b95q3iv1nc4"}],[{"_typeName":"Video","id":"cjv85rwwbc7u40b225570lrym","fieldName":"user"},{"_typeName":"User","id":"cjv3zsohtq7nn0b95q3iv1nc4"}],[{"_typeName":"UserInterest","id":"cjv89kgg8diap0b224cdn4fvs","fieldName":"interest"},{"_typeName":"Interest","id":"cjv6gq83bv5e10b22b7xz1n5k"}],[{"_typeName":"UserInterest","id":"cjvc8uyuqe6x80b95yv31x84q","fieldName":"interest"},{"_typeName":"Interest","id":"cjv6h3imgkpdk0b955smnjn8q"}],[{"_typeName":"UserInterest","id":"cjv89khib51iw0b95jftrsqnt","fieldName":"interest"},{"_typeName":"Interest","id":"cjv6h5hvgv9dm0b22iyyp9zp3"}],[{"_typeName":"UserInterest","id":"cjv89jtvf51680b95gfuqsmo9","fieldName":"interest"},{"_typeName":"Interest","id":"cjv6hh5npvd0q0b22l0soaoq6"}],[{"_typeName":"UserInterest","id":"cjv89kikpdicc0b22vdml46my","fieldName":"interest"},{"_typeName":"Interest","id":"cjv6hh5npvd0q0b22l0soaoq6"}],[{"_typeName":"UserInterest","id":"cjv89jubh516o0b95rzk3n8o4","fieldName":"interest"},{"_typeName":"Interest","id":"cjv6hhy84vd8u0b22ovzmsae0"}],[{"_typeName":"UserInterest","id":"cjv89kgg8diap0b224cdn4fvs","fieldName":"user"},{"_typeName":"User","id":"cjv6gq83bv5e10b22b7xz1n5k","fieldName":"interests"}],[{"_typeName":"UserInterest","id":"cjvc8uyuqe6x80b95yv31x84q","fieldName":"user"},{"_typeName":"User","id":"cjv6h3imgkpdk0b955smnjn8q","fieldName":"interests"}],[{"_typeName":"UserInterest","id":"cjv89khib51iw0b95jftrsqnt","fieldName":"user"},{"_typeName":"User","id":"cjv6h5hvgv9dm0b22iyyp9zp3","fieldName":"interests"}],[{"_typeName":"UserInterest","id":"cjv89jtvf51680b95gfuqsmo9","fieldName":"user"},{"_typeName":"User","id":"cjv6hh5npvd0q0b22l0soaoq6","fieldName":"interests"}],[{"_typeName":"UserInterest","id":"cjv89kikpdicc0b22vdml46my","fieldName":"user"},{"_typeName":"User","id":"cjv6hh5npvd0q0b22l0soaoq6","fieldName":"interests"}],[{"_typeName":"UserInterest","id":"cjv89jubh516o0b95rzk3n8o4","fieldName":"user"},{"_typeName":"User","id":"cjv6hhy84vd8u0b22ovzmsae0","fieldName":"interests"}]]}